{"stats":{"minecraft:picked_up":{"minecraft:crafting_table":1,"minecraft:leather":3,"minecraft:porkchop":8,"minecraft:oak_log":10,"minecraft:beef":6,"minecraft:sugar_cane":7,"minecraft:mutton":2,"minecraft:coal":22,"minecraft:white_wool":1,"minecraft:cobblestone":32},"minecraft:used":{"minecraft:stone_sword":22,"minecraft:stone_pickaxe":51,"minecraft:wooden_pickaxe":3,"minecraft:stone_axe":2,"minecraft:crafting_table":2,"minecraft:furnace":1,"minecraft:cooked_beef":2},"minecraft:dropped":{"minecraft:mutton":1,"minecraft:wooden_pickaxe":1},"minecraft:custom":{"minecraft:time_since_rest":9377,"minecraft:interact_with_furnace":10,"minecraft:sprint_one_cm":18523,"minecraft:damage_taken":90,"minecraft:walk_one_cm":16650,"minecraft:mob_kills":9,"minecraft:drop":2,"minecraft:damage_dealt":979,"minecraft:interact_with_crafting_table":7,"minecraft:fly_one_cm":47537,"minecraft:crouch_one_cm":165,"minecraft:play_time":9377,"minecraft:sneak_time":257,"minecraft:jump":228,"minecraft:time_since_death":9377,"minecraft:walk_on_water_one_cm":308,"minecraft:total_world_time":9377,"minecraft:fall_one_cm":6289},"minecraft:mined":{"minecraft:crafting_table":1,"minecraft:short_grass":10,"minecraft:oak_log":10,"minecraft:coal_ore":22,"minecraft:stone":32,"minecraft:sugar_cane":3},"minecraft:killed":{"minecraft:sheep":1,"minecraft:zombie":1,"minecraft:pig":3,"minecraft:cow":4},"minecraft:crafted":{"minecraft:cooked_beef":6,"minecraft:oak_planks":40,"minecraft:cooked_porkchop":5,"minecraft:crafting_table":1,"minecraft:stick":8,"minecraft:wooden_pickaxe":1,"minecraft:stone_pickaxe":1,"minecraft:stone_sword":1,"minecraft:furnace":1,"minecraft:stone_axe":1,"minecraft:air":0}},"DataVersion":3955}