{"stats":{"minecraft:crafted":{"minecraft:cooked_beef":6,"minecraft:oak_planks":40,"minecraft:wooden_shovel":1,"minecraft:stone_shovel":1,"minecraft:cooked_porkchop":8,"minecraft:crafting_table":2,"minecraft:wooden_pickaxe":1,"minecraft:furnace":1,"minecraft:bucket":1,"minecraft:stone_axe":1,"minecraft:bread":48,"minecraft:cooked_mutton":6,"minecraft:air":0,"minecraft:jungle_planks":28,"minecraft:oak_boat":1,"minecraft:shield":1,"minecraft:stick":16,"minecraft:iron_ingot":1,"minecraft:stone_pickaxe":1,"minecraft:stone_sword":1,"minecraft:white_bed":1,"minecraft:stone_hoe":1,"minecraft:wheat":144},"minecraft:used":{"minecraft:water_bucket":12,"minecraft:stone_sword":63,"minecraft:stone_pickaxe":79,"minecraft:stone_shovel":138,"minecraft:chest":2,"minecraft:wooden_pickaxe":3,"minecraft:wooden_shovel":11,"minecraft:stone_hoe":61,"minecraft:orange_bed":2,"minecraft:dirt":46,"minecraft:crafting_table":8,"minecraft:white_bed":1,"minecraft:bread":1,"minecraft:stone_axe":36,"minecraft:cobblestone":3,"minecraft:furnace":3,"minecraft:bucket":12,"minecraft:oak_boat":4,"minecraft:cooked_beef":6},"minecraft:custom":{"minecraft:interact_with_furnace":21,"minecraft:mob_kills":20,"minecraft:interact_with_crafting_table":15,"minecraft:interact_with_cartography_table":1,"minecraft:leave_game":2,"minecraft:time_since_death":55258,"minecraft:sleep_in_bed":4,"minecraft:time_since_rest":3607,"minecraft:sprint_one_cm":136059,"minecraft:damage_taken":296,"minecraft:walk_one_cm":98483,"minecraft:drop":14,"minecraft:damage_dealt":3101,"minecraft:swim_one_cm":277,"minecraft:talked_to_villager":2,"minecraft:fly_one_cm":213245,"minecraft:open_chest":19,"minecraft:crouch_one_cm":794,"minecraft:play_time":55258,"minecraft:sneak_time":388,"minecraft:walk_under_water_one_cm":724,"minecraft:boat_one_cm":234214,"minecraft:jump":940,"minecraft:walk_on_water_one_cm":16756,"minecraft:total_world_time":55258,"minecraft:fall_one_cm":26268},"minecraft:broken":{"minecraft:stone_shovel":1},"minecraft:dropped":{"minecraft:wheat_seeds":11,"minecraft:iron_nugget":2,"minecraft:oak_planks":9,"minecraft:stick":3,"minecraft:poppy":1,"minecraft:gunpowder":1,"minecraft:mutton":1,"minecraft:map":1,"minecraft:armadillo_scute":1,"minecraft:wooden_pickaxe":1,"minecraft:white_wool":1},"minecraft:killed":{"minecraft:pig":3,"minecraft:iron_golem":1,"minecraft:creeper":1,"minecraft:sheep":8,"minecraft:zombie":1,"minecraft:cow":6},"minecraft:picked_up":{"minecraft:cocoa_beans":10,"minecraft:crafting_table":6,"minecraft:jungle_log":7,"minecraft:leather":3,"minecraft:oak_log":10,"minecraft:brewing_stand":3,"minecraft:gunpowder":1,"minecraft:dirt":149,"minecraft:stonecutter":1,"minecraft:wheat_seeds":46,"minecraft:beef":12,"minecraft:iron_ingot":4,"minecraft:oak_boat":4,"minecraft:jungle_sapling":1,"minecraft:poppy":1,"minecraft:bamboo":43,"minecraft:melon_slice":36,"minecraft:sugar_cane":13,"minecraft:chest":2,"minecraft:furnace":2,"minecraft:stick":5,"minecraft:porkchop":8,"minecraft:orange_bed":4,"minecraft:hay_block":16,"minecraft:armadillo_scute":1,"minecraft:mutton":14,"minecraft:coal":39,"minecraft:white_wool":8,"minecraft:cobblestone":35},"minecraft:mined":{"minecraft:white_bed":1,"minecraft:brewing_stand":3,"minecraft:crafting_table":7,"minecraft:short_grass":189,"minecraft:grass_block":55,"minecraft:melon":8,"minecraft:chest":2,"minecraft:jungle_log":7,"minecraft:cobblestone":3,"minecraft:sugar_cane":7,"minecraft:hay_block":16,"minecraft:furnace":2,"minecraft:oak_log":10,"minecraft:coal_ore":39,"minecraft:vine":12,"minecraft:dirt_path":35,"minecraft:dirt":61,"minecraft:bamboo":5,"minecraft:stonecutter":1,"minecraft:stone":33,"minecraft:oak_leaves":12,"minecraft:fern":62,"minecraft:orange_bed":4}},"DataVersion":3955}