{"stats":{"minecraft:picked_up":{"minecraft:crafting_table":5,"minecraft:leather":3,"minecraft:oak_log":10,"minecraft:brewing_stand":3,"minecraft:gunpowder":1,"minecraft:dirt":129,"minecraft:stonecutter":1,"minecraft:wheat_seeds":10,"minecraft:beef":12,"minecraft:iron_ingot":4,"minecraft:oak_boat":2,"minecraft:poppy":1,"minecraft:bamboo":43,"minecraft:melon_slice":36,"minecraft:sugar_cane":7,"minecraft:chest":2,"minecraft:furnace":1,"minecraft:porkchop":8,"minecraft:hay_block":16,"minecraft:armadillo_scute":1,"minecraft:mutton":7,"minecraft:coal":39,"minecraft:white_wool":4,"minecraft:cobblestone":35},"minecraft:used":{"minecraft:water_bucket":4,"minecraft:stone_sword":55,"minecraft:stone_shovel":138,"minecraft:stone_pickaxe":78,"minecraft:wooden_pickaxe":3,"minecraft:dirt":8,"minecraft:crafting_table":7,"minecraft:white_bed":1,"minecraft:stone_axe":26,"minecraft:cobblestone":3,"minecraft:furnace":2,"minecraft:bucket":5,"minecraft:oak_boat":2,"minecraft:cooked_beef":4},"minecraft:dropped":{"minecraft:wheat_seeds":4,"minecraft:iron_nugget":2,"minecraft:stick":1,"minecraft:poppy":1,"minecraft:gunpowder":1,"minecraft:mutton":1,"minecraft:map":1,"minecraft:armadillo_scute":1,"minecraft:wooden_pickaxe":1,"minecraft:white_wool":1},"minecraft:broken":{"minecraft:stone_shovel":1},"minecraft:custom":{"minecraft:interact_with_furnace":15,"minecraft:mob_kills":16,"minecraft:interact_with_crafting_table":11,"minecraft:interact_with_cartography_table":1,"minecraft:time_since_death":33377,"minecraft:sleep_in_bed":2,"minecraft:time_since_rest":3014,"minecraft:sprint_one_cm":91534,"minecraft:damage_taken":236,"minecraft:walk_one_cm":56420,"minecraft:drop":10,"minecraft:damage_dealt":2781,"minecraft:talked_to_villager":2,"minecraft:fly_one_cm":143563,"minecraft:open_chest":7,"minecraft:crouch_one_cm":349,"minecraft:play_time":33377,"minecraft:sneak_time":313,"minecraft:walk_under_water_one_cm":11,"minecraft:boat_one_cm":154564,"minecraft:jump":654,"minecraft:walk_on_water_one_cm":10368,"minecraft:total_world_time":33377,"minecraft:fall_one_cm":17654},"minecraft:mined":{"minecraft:white_bed":1,"minecraft:brewing_stand":3,"minecraft:crafting_table":6,"minecraft:short_grass":26,"minecraft:grass_block":52,"minecraft:melon":8,"minecraft:chest":2,"minecraft:cobblestone":3,"minecraft:sugar_cane":3,"minecraft:hay_block":16,"minecraft:furnace":1,"minecraft:coal_ore":39,"minecraft:oak_log":10,"minecraft:dirt_path":34,"minecraft:dirt":45,"minecraft:bamboo":5,"minecraft:stonecutter":1,"minecraft:stone":33},"minecraft:killed":{"minecraft:pig":3,"minecraft:iron_golem":1,"minecraft:creeper":1,"minecraft:sheep":4,"minecraft:zombie":1,"minecraft:cow":6},"minecraft:crafted":{"minecraft:cooked_beef":6,"minecraft:oak_planks":40,"minecraft:stone_shovel":1,"minecraft:cooked_porkchop":8,"minecraft:crafting_table":2,"minecraft:wooden_pickaxe":1,"minecraft:furnace":1,"minecraft:bucket":1,"minecraft:stone_axe":1,"minecraft:cooked_mutton":1,"minecraft:air":0,"minecraft:oak_boat":1,"minecraft:shield":1,"minecraft:stick":12,"minecraft:iron_ingot":1,"minecraft:stone_pickaxe":1,"minecraft:stone_sword":1,"minecraft:white_bed":1}},"DataVersion":3955}